{"cameraMode":{"drawMode":0,"name":"Shaded","section":"Shading Mode"},"sceneLighting":true,"audioPlay":false,"sceneViewState":{"m_AlwaysRefresh":false,"showFog":true,"showSkybox":true,"showFlares":true,"showImageEffects":true,"showParticleSystems":true,"showVisualEffectGraphs":true,"m_FxEnabled":true},"in2DMode":false,"pivot":{"x":1.4206899404525757,"y":1.3721940517425538,"z":2.2432150840759279},"rotation":{"x":0.13506461679935456,"y":0.04160261154174805,"z":-0.005676414351910353,"w":0.9899553656578064},"size":4.227632999420166,"orthographic":false}