{"cameraMode":{"drawMode":0,"name":"Shaded","section":"Shading Mode"},"sceneLighting":true,"audioPlay":false,"sceneViewState":{"m_AlwaysRefresh":false,"showFog":true,"showSkybox":true,"showFlares":true,"showImageEffects":true,"showParticleSystems":true,"showVisualEffectGraphs":true,"m_FxEnabled":true},"in2DMode":false,"pivot":{"x":8.3659029006958,"y":0.8360050320625305,"z":3.402845621109009},"rotation":{"x":0.05332006886601448,"y":0.45669305324554446,"z":-0.027434512972831727,"w":0.8876011371612549},"size":7.2610626220703129,"orthographic":false}